short_time,short_price,close_time,close_price,is_closed,pnl,pnl_pct,is_win,duration_minutes
2026-01-06 01:20:00,3163.84,2026-01-06 01:40:00,3186.03,True,-22.190000000000055,-0.7013629007788021,False,20.0
2026-01-06 02:20:00,3196.97,2026-01-06 02:25:00,3199.77,True,-2.800000000000182,-0.08758293008693176,False,5.0
2026-01-06 05:20:00,3238.86,2026-01-06 05:35:00,3238.54,True,0.3200000000001637,0.009880019513043592,True,15.0
2026-01-06 05:25:00,3231.49,2026-01-06 05:35:00,3238.54,True,-7.050000000000182,-0.21816561400469078,False,10.0
2026-01-06 05:55:00,3236.89,2026-01-06 06:05:00,3235.62,True,1.2699999999999818,0.03923519180447843,True,10.0
2026-01-06 06:00:00,3234.16,2026-01-06 06:05:00,3235.62,True,-1.4600000000000364,-0.045143097434883754,False,5.0
2026-01-06 06:45:00,3240.75,2026-01-06 07:45:00,3230.5,True,10.25,0.31628481061482683,True,60.0
2026-01-06 06:50:00,3237.8,2026-01-06 07:45:00,3230.5,True,7.300000000000182,0.22546173327568664,True,55.0
2026-01-06 07:30:00,3229.76,2026-01-06 07:45:00,3230.5,True,-0.7399999999997817,-0.022911919151880688,False,15.0
2026-01-06 07:35:00,3226.0,2026-01-06 07:45:00,3230.5,True,-4.5,-0.13949163050216987,False,10.0
2026-01-06 07:55:00,3223.48,2026-01-06 08:50:00,3212.55,True,10.929999999999836,0.33907454055864583,True,55.0
2026-01-06 08:10:00,3215.56,2026-01-06 08:50:00,3212.55,True,3.0099999999997635,0.09360733433678002,True,40.0
2026-01-06 11:50:00,3222.32,2026-01-06 12:55:00,3221.31,True,1.0100000000002183,0.03134387646168656,True,65.0
2026-01-06 12:10:00,3229.99,2026-01-06 12:55:00,3221.31,True,8.679999999999836,0.26873148214080655,True,45.0
2026-01-06 12:15:00,3228.22,2026-01-06 12:55:00,3221.31,True,6.9099999999998545,0.2140498479037939,True,40.0
2026-01-06 12:20:00,3226.41,2026-01-06 12:55:00,3221.31,True,5.099999999999909,0.1580704250234753,True,35.0
2026-01-06 12:25:00,3225.6,2026-01-06 12:55:00,3221.31,True,4.289999999999964,0.13299851190476078,True,30.0
2026-01-06 12:40:00,3223.63,2026-01-06 12:55:00,3221.31,True,2.3200000000001637,0.07196855718553816,True,15.0
2026-01-06 14:55:00,3239.47,2026-01-06 16:50:00,3219.89,True,19.579999999999927,0.6044198588040615,True,115.0
2026-01-06 15:00:00,3235.16,2026-01-06 16:50:00,3219.89,True,15.269999999999982,0.47200138478467785,True,110.0
2026-01-06 17:25:00,3223.44,2026-01-06 17:45:00,3221.64,True,1.800000000000182,0.05584096493187967,True,20.0
2026-01-06 17:30:00,3219.75,2026-01-06 17:45:00,3221.64,True,-1.8899999999998727,-0.05870020964360192,False,15.0
2026-01-06 17:35:00,3218.2,2026-01-06 17:45:00,3221.64,True,-3.4400000000000546,-0.1068920514573381,False,10.0
2026-01-06 18:10:00,3226.09,2026-01-06 18:45:00,3228.26,True,-2.1700000000000728,-0.06726408748671217,False,35.0
2026-01-06 18:55:00,3227.01,2026-01-06 19:00:00,3233.61,True,-6.599999999999909,-0.20452369221043346,False,5.0
2026-01-06 19:45:00,3239.47,2026-01-06 21:05:00,3234.56,True,4.9099999999998545,0.15156800340796042,True,80.0
2026-01-06 19:50:00,3235.8,2026-01-06 21:05:00,3234.56,True,1.2400000000002365,0.03832128067248397,True,75.0
2026-01-06 19:55:00,3236.06,2026-01-06 21:05:00,3234.56,True,1.5,0.04635266342404035,True,70.0
2026-01-06 20:15:00,3239.36,2026-01-06 21:05:00,3234.56,True,4.800000000000182,0.14817741776153875,True,50.0
2026-01-06 20:20:00,3239.92,2026-01-06 21:05:00,3234.56,True,5.360000000000127,0.16543618360947576,True,45.0
2026-01-06 20:35:00,3236.01,2026-01-06 21:05:00,3234.56,True,1.4500000000002728,0.04480826697075326,True,30.0
2026-01-06 23:15:00,3288.61,2026-01-06 23:55:00,3270.99,True,17.620000000000346,0.5357886766749582,True,40.0
2026-01-07 00:10:00,3266.87,2026-01-07 00:50:00,3247.85,True,19.019999999999982,0.5822086584406475,True,40.0
2026-01-07 04:45:00,3245.51,2026-01-07 05:10:00,3253.58,True,-8.069999999999709,-0.2486512135226731,False,25.0
2026-01-07 04:50:00,3243.98,2026-01-07 05:10:00,3253.58,True,-9.599999999999909,-0.29593277393818423,False,20.0
2026-01-07 05:25:00,3281.55,2026-01-07 05:40:00,3289.58,True,-8.029999999999745,-0.2447014368210067,False,15.0
2026-01-07 05:50:00,3278.41,2026-01-07 06:00:00,3283.3,True,-4.890000000000327,-0.1491576709441567,False,10.0
2026-01-07 05:55:00,3274.65,2026-01-07 06:00:00,3283.3,True,-8.650000000000091,-0.26415036721481966,False,5.0
2026-01-07 06:15:00,3267.32,2026-01-07 07:00:00,3280.39,True,-13.069999999999709,-0.40002203640903583,False,45.0
2026-01-07 06:20:00,3272.33,2026-01-07 07:00:00,3280.39,True,-8.059999999999945,-0.24630767679298685,False,40.0
2026-01-07 08:05:00,3287.71,2026-01-07 08:20:00,3283.21,True,4.5,0.13687338603465632,True,15.0
2026-01-07 08:30:00,3276.25,2026-01-07 08:50:00,3267.63,True,8.61999999999989,0.26310568485310615,True,20.0
2026-01-07 09:35:00,3250.38,2026-01-07 09:55:00,3244.11,True,6.269999999999982,0.19290052240045721,True,20.0
2026-01-07 11:30:00,3269.24,2026-01-07 12:40:00,3261.0,True,8.239999999999782,0.2520463471632484,True,70.0
2026-01-07 11:35:00,3268.04,2026-01-07 12:40:00,3261.0,True,7.039999999999964,0.21541963990648721,True,65.0
2026-01-07 11:40:00,3265.56,2026-01-07 12:40:00,3261.0,True,4.559999999999945,0.13963914305662567,True,60.0
2026-01-07 11:45:00,3263.66,2026-01-07 12:40:00,3261.0,True,2.6599999999998545,0.08150358799629417,True,55.0
2026-01-07 12:25:00,3261.56,2026-01-07 12:40:00,3261.0,True,0.5599999999999454,0.017169697935955353,True,15.0
2026-01-07 13:05:00,3252.78,2026-01-07 13:10:00,3254.91,True,-2.1299999999996544,-0.0654824488591191,False,5.0
2026-01-07 13:40:00,3255.36,2026-01-07 14:10:00,3251.35,True,4.010000000000218,0.12318146072938839,True,30.0
2026-01-07 13:45:00,3249.0,2026-01-07 14:10:00,3251.35,True,-2.349999999999909,-0.07232994767620526,False,25.0
2026-01-07 14:40:00,3247.8,2026-01-07 14:45:00,3251.61,True,-3.8099999999999454,-0.1173101791982248,False,5.0
2026-01-07 16:25:00,3254.98,2026-01-07 16:30:00,3254.38,True,0.599999999999909,0.01843329298490034,True,5.0
2026-01-07 16:40:00,3252.99,2026-01-07 18:05:00,3207.41,True,45.57999999999993,1.4011724597985216,True,85.0
2026-01-07 17:00:00,3252.7,2026-01-07 18:05:00,3207.41,True,45.289999999999964,1.3923817136532715,True,65.0
2026-01-07 17:05:00,3238.24,2026-01-07 18:05:00,3207.41,True,30.829999999999927,0.9520603784771953,True,60.0
2026-01-07 17:35:00,3218.5,2026-01-07 18:05:00,3207.41,True,11.090000000000146,0.344570452073952,True,30.0
2026-01-07 17:40:00,3208.75,2026-01-07 18:05:00,3207.41,True,1.3400000000001455,0.04176081028438319,True,25.0
2026-01-07 19:30:00,3222.54,2026-01-07 21:15:00,3209.83,True,12.710000000000036,0.39440937893711286,True,105.0
2026-01-07 19:35:00,3224.14,2026-01-07 21:15:00,3209.83,True,14.309999999999945,0.44383928737585665,True,100.0
2026-01-07 19:40:00,3223.22,2026-01-07 21:15:00,3209.83,True,13.389999999999873,0.41542308623053575,True,95.0
2026-01-07 19:45:00,3217.19,2026-01-07 21:15:00,3209.83,True,7.360000000000127,0.22877107040616584,True,90.0
2026-01-07 20:05:00,3216.79,2026-01-07 21:15:00,3209.83,True,6.960000000000036,0.21636476114387437,True,70.0
2026-01-07 21:10:00,3202.0,2026-01-07 21:15:00,3209.83,True,-7.829999999999927,-0.24453466583385158,False,5.0
2026-01-07 21:35:00,3216.04,2026-01-07 22:35:00,3188.86,True,27.179999999999836,0.845138742055442,True,60.0
2026-01-07 21:50:00,3209.34,2026-01-07 22:35:00,3188.86,True,20.480000000000018,0.6381374363576318,True,45.0
2026-01-08 00:30:00,3158.76,2026-01-08 01:15:00,3160.93,True,-2.169999999999618,-0.06869784345754719,False,45.0
2026-01-08 00:35:00,3160.76,2026-01-08 01:15:00,3160.93,True,-0.169999999999618,-0.005378453283375454,False,40.0
2026-01-08 00:50:00,3158.0,2026-01-08 01:15:00,3160.93,True,-2.9299999999998363,-0.09278024065863952,False,25.0
2026-01-08 00:55:00,3155.95,2026-01-08 01:15:00,3160.93,True,-4.980000000000018,-0.1577971767613561,False,20.0
2026-01-08 01:40:00,3161.38,2026-01-08 03:00:00,3153.61,True,7.769999999999982,0.2457787421948637,True,80.0
2026-01-08 01:45:00,3158.16,2026-01-08 03:00:00,3153.61,True,4.549999999999727,0.1440712313498913,True,75.0
2026-01-08 01:50:00,3152.01,2026-01-08 03:00:00,3153.61,True,-1.599999999999909,-0.0507612602751866,False,70.0
2026-01-08 02:20:00,3147.33,2026-01-08 03:00:00,3153.61,True,-6.2800000000002,-0.1995342083607439,False,40.0
2026-01-08 02:25:00,3150.27,2026-01-08 03:00:00,3153.61,True,-3.3400000000001455,-0.10602265837531848,False,35.0
2026-01-08 02:40:00,3151.07,2026-01-08 03:00:00,3153.61,True,-2.5399999999999636,-0.08060753966112982,False,20.0
2026-01-08 02:55:00,3145.01,2026-01-08 03:00:00,3153.61,True,-8.599999999999909,-0.2734490510364008,False,5.0
2026-01-08 04:40:00,3136.88,2026-01-08 04:55:00,3137.15,True,-0.2699999999999818,-0.008607278569788511,False,15.0
2026-01-08 04:45:00,3138.3,2026-01-08 04:55:00,3137.15,True,1.150000000000091,0.036644042953194116,True,10.0
2026-01-08 05:30:00,3146.47,2026-01-08 05:40:00,3149.19,True,-2.7200000000002547,-0.08644608084616268,False,10.0
2026-01-08 05:35:00,3144.99,2026-01-08 05:40:00,3149.19,True,-4.200000000000273,-0.13354573464463396,False,5.0
2026-01-08 08:10:00,3160.75,2026-01-08 08:30:00,3158.49,True,2.2600000000002183,0.07150201692636933,True,20.0
2026-01-08 08:15:00,3157.0,2026-01-08 08:30:00,3158.49,True,-1.4899999999997817,-0.04719670573328419,False,15.0
2026-01-08 09:50:00,3174.45,2026-01-08 10:50:00,3156.81,True,17.639999999999873,0.5556868118886696,True,60.0
2026-01-08 10:35:00,3154.65,2026-01-08 10:50:00,3156.81,True,-2.1599999999998545,-0.06847035328799882,False,15.0
2026-01-08 11:25:00,3151.24,2026-01-08 11:30:00,3152.45,True,-1.2100000000000364,-0.038397583173609,False,5.0
2026-01-08 13:15:00,3155.94,2026-01-08 13:20:00,3156.84,True,-0.900000000000091,-0.028517652426855104,False,5.0
2026-01-08 13:30:00,3151.01,2026-01-08 15:10:00,3109.24,True,41.77000000000044,1.3256067102294322,True,100.0
2026-01-08 14:20:00,3112.43,2026-01-08 15:10:00,3109.24,True,3.1900000000000546,0.10249226488628033,True,50.0
2026-01-08 14:55:00,3103.77,2026-01-08 15:10:00,3109.24,True,-5.4699999999998,-0.17623728562360613,False,15.0
2026-01-08 15:00:00,3099.9,2026-01-08 15:10:00,3109.24,True,-9.33999999999969,-0.3013000419368267,False,10.0
2026-01-08 16:10:00,3130.55,2026-01-08 16:25:00,3131.62,True,-1.069999999999709,-0.034179297567510786,False,15.0
2026-01-08 16:35:00,3122.9,2026-01-08 17:05:00,3121.49,True,1.4100000000003092,0.0451503410291815,True,30.0
2026-01-08 16:40:00,3123.32,2026-01-08 17:05:00,3121.49,True,1.830000000000382,0.05859149878976159,True,25.0
2026-01-08 16:45:00,3118.91,2026-01-08 17:05:00,3121.49,True,-2.5799999999999272,-0.0827212070883715,False,20.0
2026-01-08 16:50:00,3113.7,2026-01-08 17:05:00,3121.49,True,-7.789999999999964,-0.250184667758614,False,15.0
2026-01-08 17:15:00,3113.09,2026-01-08 17:30:00,3110.6,True,2.4900000000002365,0.07998483821541415,True,15.0
2026-01-08 17:20:00,3109.66,2026-01-08 17:30:00,3110.6,True,-0.9400000000000546,-0.030228385096764745,False,10.0
2026-01-08 17:25:00,3105.12,2026-01-08 17:30:00,3110.6,True,-5.480000000000018,-0.176482712423353,False,5.0
2026-01-08 18:00:00,3100.53,2026-01-08 18:05:00,3105.91,True,-5.379999999999654,-0.17351872099285137,False,5.0
2026-01-08 19:05:00,3121.0,2026-01-08 19:25:00,3120.46,True,0.5399999999999636,0.017302146747836065,True,20.0
2026-01-08 20:05:00,3105.14,2026-01-08 20:20:00,3105.26,True,-0.12000000000034561,-0.0038645600520538725,False,15.0
2026-01-08 20:10:00,3101.85,2026-01-08 20:20:00,3105.26,True,-3.4100000000003092,-0.10993439399069295,False,10.0
2026-01-08 20:30:00,3093.4,2026-01-08 20:40:00,3097.52,True,-4.119999999999891,-0.13318678476756612,False,10.0
2026-01-08 21:10:00,3094.09,2026-01-08 21:25:00,3098.43,True,-4.339999999999691,-0.1402674130358099,False,15.0
2026-01-08 22:05:00,3089.26,2026-01-08 23:55:00,3102.5,True,-13.239999999999782,-0.42858160206650725,False,110.0
2026-01-08 22:40:00,3057.47,2026-01-08 23:55:00,3102.5,True,-45.0300000000002,-1.4727863233326968,False,75.0
2026-01-08 23:30:00,3094.65,2026-01-08 23:55:00,3102.5,True,-7.849999999999909,-0.2536635806957138,False,25.0
2026-01-08 23:35:00,3094.54,2026-01-08 23:55:00,3102.5,True,-7.960000000000036,-0.2572272454064267,False,20.0
2026-01-09 00:15:00,3094.23,2026-01-09 00:55:00,3120.18,True,-25.949999999999818,-0.8386577597657516,False,40.0
2026-01-09 00:30:00,3096.04,2026-01-09 00:55:00,3120.18,True,-24.139999999999873,-0.7797056885569913,False,25.0
2026-01-09 01:20:00,3117.4,2026-01-09 01:45:00,3123.48,True,-6.079999999999927,-0.1950343234746881,False,25.0
2026-01-09 01:25:00,3111.33,2026-01-09 01:45:00,3123.48,True,-12.150000000000091,-0.390508239241742,False,20.0
2026-01-09 02:05:00,3128.99,2026-01-09 02:50:00,3121.13,True,7.859999999999673,0.25119926877361937,True,45.0
2026-01-09 02:10:00,3121.39,2026-01-09 02:50:00,3121.13,True,0.25999999999976353,0.008329622379765539,True,40.0
2026-01-09 03:55:00,3109.8,2026-01-09 04:30:00,3097.7,True,12.100000000000364,0.38909254614445826,True,35.0
2026-01-09 04:00:00,3097.4,2026-01-09 04:30:00,3097.7,True,-0.29999999999972715,-0.009685542713234557,False,30.0
2026-01-09 04:25:00,3093.79,2026-01-09 04:30:00,3097.7,True,-3.9099999999998545,-0.12638220435129258,False,5.0
2026-01-09 05:20:00,3107.77,2026-01-09 05:25:00,3107.86,True,-0.09000000000014552,-0.002895967204784959,False,5.0
2026-01-09 06:25:00,3121.01,2026-01-09 06:45:00,3114.54,True,6.470000000000255,0.2073046866238895,True,20.0
2026-01-09 06:30:00,3115.6,2026-01-09 06:45:00,3114.54,True,1.0599999999999454,0.034022339196300724,True,15.0
2026-01-09 06:35:00,3108.6,2026-01-09 06:45:00,3114.54,True,-5.940000000000055,-0.19108280254777246,False,10.0
2026-01-09 07:15:00,3119.62,2026-01-09 07:45:00,3108.91,True,10.710000000000036,0.3433110442938575,True,30.0
2026-01-09 07:30:00,3110.0,2026-01-09 07:45:00,3108.91,True,1.0900000000001455,0.0350482315112587,True,15.0
2026-01-09 09:20:00,3105.67,2026-01-09 09:25:00,3137.97,True,-32.29999999999973,-1.0400332295446628,False,5.0
2026-01-09 09:35:00,3094.35,2026-01-09 09:45:00,3104.5,True,-10.150000000000091,-0.32801719262527157,False,10.0
2026-01-09 10:15:00,3120.65,2026-01-09 11:00:00,3109.38,True,11.269999999999982,0.36114271065322867,True,45.0
2026-01-09 10:30:00,3114.2,2026-01-09 11:00:00,3109.38,True,4.819999999999709,0.15477490206151528,True,30.0
2026-01-09 11:20:00,3108.01,2026-01-09 11:35:00,3115.24,True,-7.229999999999563,-0.23262473415463794,False,15.0
2026-01-09 11:25:00,3106.35,2026-01-09 11:35:00,3115.24,True,-8.889999999999873,-0.2861879698037849,False,10.0
2026-01-09 12:10:00,3115.7,2026-01-09 12:25:00,3121.05,True,-5.350000000000364,-0.17171101197163927,False,15.0
2026-01-09 12:35:00,3113.36,2026-01-09 13:00:00,3119.08,True,-5.7199999999998,-0.18372433640824704,False,25.0
2026-01-09 13:20:00,3115.43,2026-01-09 13:25:00,3116.5,True,-1.0700000000001637,-0.03434517867518011,False,5.0
2026-01-09 13:55:00,3117.38,2026-01-09 14:15:00,3117.8,True,-0.42000000000007276,-0.013472852202813667,False,20.0
2026-01-09 15:00:00,3119.83,2026-01-09 15:05:00,3117.1,True,2.730000000000018,0.08750476788799448,True,5.0
2026-01-09 16:00:00,3102.61,2026-01-09 16:05:00,3106.3,True,-3.6900000000000546,-0.11893212488840216,False,5.0
2026-01-09 16:35:00,3097.23,2026-01-09 16:55:00,3081.67,True,15.559999999999945,0.50238438863113,True,20.0
2026-01-09 16:40:00,3086.0,2026-01-09 16:55:00,3081.67,True,4.329999999999927,0.14031108230719141,True,15.0
2026-01-09 16:45:00,3073.35,2026-01-09 16:55:00,3081.67,True,-8.320000000000164,-0.2707143670587523,False,10.0
2026-01-09 17:30:00,3098.04,2026-01-09 17:40:00,3094.83,True,3.2100000000000364,0.10361389781926755,True,10.0
2026-01-09 17:35:00,3094.5,2026-01-09 17:40:00,3094.83,True,-0.32999999999992724,-0.010664081434801333,False,5.0
2026-01-09 17:55:00,3090.84,2026-01-09 18:05:00,3094.7,True,-3.8599999999996726,-0.12488514449145452,False,10.0
2026-01-09 18:00:00,3086.71,2026-01-09 18:05:00,3094.7,True,-7.989999999999782,-0.25885165759011314,False,5.0
2026-01-09 18:55:00,3094.74,2026-01-09 19:15:00,3101.9,True,-7.160000000000309,-0.23136030813575,False,20.0
2026-01-09 19:45:00,3092.35,2026-01-09 20:25:00,3084.5,True,7.849999999999909,0.2538522482901324,True,40.0
2026-01-09 20:15:00,3081.61,2026-01-09 20:25:00,3084.5,True,-2.8899999999998727,-0.09378214634557497,False,10.0
2026-01-09 21:45:00,3089.55,2026-01-09 21:50:00,3099.24,True,-9.6899999999996,-0.313637908433254,False,5.0
2026-01-09 22:10:00,3080.68,2026-01-09 22:15:00,3084.27,True,-3.5900000000001455,-0.11653271355675195,False,5.0
2026-01-10 00:20:00,3130.15,2026-01-10 00:40:00,3125.29,True,4.860000000000127,0.15526412472246146,True,20.0
2026-01-10 00:25:00,3125.26,2026-01-10 00:40:00,3125.29,True,-0.02999999999974534,-0.0009599201346366491,False,15.0
2026-01-10 01:05:00,3125.01,2026-01-10 01:20:00,3116.0,True,9.010000000000218,0.28831907737895934,True,15.0
2026-01-10 01:10:00,3121.4,2026-01-10 01:20:00,3116.0,True,5.400000000000091,0.17299929518805954,True,10.0
2026-01-10 01:55:00,3112.92,2026-01-10 02:00:00,3115.11,True,-2.1900000000000546,-0.07035195250761518,False,5.0
2026-01-10 02:20:00,3090.31,2026-01-10 03:25:00,3073.96,True,16.34999999999991,0.529073135057645,True,65.0
2026-01-10 02:25:00,3084.6,2026-01-10 03:25:00,3073.96,True,10.639999999999873,0.34493937625623655,True,60.0
2026-01-10 02:30:00,3085.99,2026-01-10 03:25:00,3073.96,True,12.029999999999745,0.389826279411137,True,55.0
2026-01-10 02:55:00,3093.53,2026-01-10 03:25:00,3073.96,True,19.570000000000164,0.6326106422113301,True,30.0
2026-01-10 03:00:00,3087.91,2026-01-10 03:25:00,3073.96,True,13.949999999999818,0.45176187129805656,True,25.0
2026-01-10 05:40:00,3081.51,2026-01-10 05:50:00,3082.35,True,-0.8399999999996908,-0.027259363104442002,False,10.0
2026-01-10 05:45:00,3079.27,2026-01-10 05:50:00,3082.35,True,-3.0799999999999272,-0.10002370691754628,False,5.0
2026-01-10 06:05:00,3087.2,2026-01-10 06:20:00,3079.0,True,8.199999999999818,0.26561285307073784,True,15.0
2026-01-10 06:10:00,3078.3,2026-01-10 06:20:00,3079.0,True,-0.6999999999998181,-0.022739823928785954,False,10.0
2026-01-10 06:40:00,3081.57,2026-01-10 06:45:00,3082.43,True,-0.8599999999996726,-0.02790785216625527,False,5.0
2026-01-10 07:45:00,3087.85,2026-01-10 08:25:00,3086.76,True,1.0899999999996908,0.03529964214581961,True,40.0
2026-01-10 07:50:00,3086.0,2026-01-10 08:25:00,3086.76,True,-0.7600000000002183,-0.024627349319514522,False,35.0
2026-01-10 07:55:00,3087.19,2026-01-10 08:25:00,3086.76,True,0.4299999999998363,0.013928523997545867,True,30.0
2026-01-10 08:00:00,3088.56,2026-01-10 08:25:00,3086.76,True,1.7999999999997272,0.05827958660345686,True,25.0
2026-01-10 08:15:00,3082.0,2026-01-10 08:25:00,3086.76,True,-4.760000000000218,-0.1544451654769701,False,10.0
2026-01-10 08:40:00,3084.87,2026-01-10 09:25:00,3088.64,True,-3.769999999999982,-0.12220936376573348,False,45.0
2026-01-10 10:30:00,3087.03,2026-01-10 10:45:00,3085.83,True,1.2000000000002728,0.03887231416605193,True,15.0
2026-01-10 10:35:00,3083.85,2026-01-10 10:45:00,3085.83,True,-1.9800000000000182,-0.06420545746388502,False,10.0
2026-01-10 11:05:00,3079.99,2026-01-10 11:15:00,3083.67,True,-3.680000000000291,-0.11948090740555298,False,10.0
2026-01-10 11:10:00,3079.71,2026-01-10 11:15:00,3083.67,True,-3.9600000000000364,-0.1285835354627558,False,5.0
2026-01-10 12:05:00,3082.33,2026-01-10 12:20:00,3081.6,True,0.7300000000000182,0.023683382376319805,True,15.0
2026-01-10 13:35:00,3084.99,2026-01-10 13:40:00,3086.0,True,-1.0100000000002183,-0.03273916609130721,False,5.0
2026-01-10 14:15:00,3082.76,2026-01-10 14:25:00,3085.77,True,-3.0099999999997635,-0.09763977734237383,False,10.0
2026-01-10 14:55:00,3086.26,2026-01-10 15:10:00,3090.71,True,-4.449999999999818,-0.1441874631430864,False,15.0
2026-01-10 15:00:00,3088.14,2026-01-10 15:10:00,3090.71,True,-2.5700000000001637,-0.08322161560033431,False,10.0
2026-01-10 15:40:00,3089.0,2026-01-10 17:45:00,3093.83,True,-4.829999999999927,-0.15636128196827218,False,125.0
2026-01-10 15:45:00,3089.99,2026-01-10 17:45:00,3093.83,True,-3.8400000000001455,-0.124272246835755,False,120.0
2026-01-10 16:05:00,3088.34,2026-01-10 17:45:00,3093.83,True,-5.489999999999782,-0.17776540147780948,False,100.0
2026-01-10 16:25:00,3088.02,2026-01-10 17:45:00,3093.83,True,-5.809999999999945,-0.18814644982869105,False,80.0
2026-01-10 17:55:00,3094.51,2026-01-10 18:35:00,3095.27,True,-0.7599999999997635,-0.024559623332927133,False,40.0
2026-01-10 18:25:00,3094.44,2026-01-10 18:35:00,3095.27,True,-0.8299999999999272,-0.026822300642440223,False,10.0
2026-01-10 18:30:00,3093.55,2026-01-10 18:35:00,3095.27,True,-1.7199999999998,-0.05559955391054936,False,5.0
2026-01-10 19:40:00,3094.99,2026-01-10 20:05:00,3097.19,True,-2.200000000000273,-0.07108262062236947,False,25.0
2026-01-10 19:45:00,3093.55,2026-01-10 20:05:00,3097.19,True,-3.6399999999998727,-0.11766417222931172,False,20.0
2026-01-10 20:25:00,3094.71,2026-01-10 20:40:00,3095.75,True,-1.0399999999999636,-0.033605733655171686,False,15.0
2026-01-10 20:30:00,3094.08,2026-01-10 20:40:00,3095.75,True,-1.6700000000000728,-0.05397404074878713,False,10.0
2026-01-10 20:35:00,3095.01,2026-01-10 20:40:00,3095.75,True,-0.7399999999997817,-0.02390945425054464,False,5.0
2026-01-10 21:45:00,3095.24,2026-01-10 22:15:00,3094.32,True,0.919999999999618,0.029723058631951578,True,30.0
2026-01-10 21:50:00,3093.24,2026-01-10 22:15:00,3094.32,True,-1.080000000000382,-0.034914846568658814,False,25.0
2026-01-10 22:30:00,3089.69,2026-01-10 22:55:00,3090.19,True,-0.5,-0.01618285329596173,False,25.0
2026-01-10 23:40:00,3094.4,2026-01-11 00:05:00,3095.61,True,-1.2100000000000364,-0.039102895553258674,False,25.0
2026-01-11 00:00:00,3094.39,2026-01-11 00:05:00,3095.61,True,-1.2200000000002547,-0.0394261873907379,False,5.0
2026-01-11 00:15:00,3090.94,2026-01-11 00:20:00,3092.81,True,-1.8699999999998909,-0.060499395006046404,False,5.0
2026-01-11 01:45:00,3093.96,2026-01-11 02:10:00,3090.97,True,2.9900000000002365,0.09663990484687057,True,25.0
2026-01-11 02:45:00,3091.36,2026-01-11 04:05:00,3090.73,True,0.6300000000001091,0.020379379949281518,True,80.0
2026-01-11 02:50:00,3090.8,2026-01-11 04:05:00,3090.73,True,0.07000000000016371,0.002264785815975272,True,75.0
2026-01-11 03:20:00,3090.25,2026-01-11 04:05:00,3090.73,True,-0.4800000000000182,-0.015532723889653528,False,45.0
2026-01-11 03:25:00,3090.25,2026-01-11 04:05:00,3090.73,True,-0.4800000000000182,-0.015532723889653528,False,40.0
2026-01-11 05:50:00,3085.31,2026-01-11 06:20:00,3078.58,True,6.730000000000018,0.21813043097776297,True,30.0
2026-01-11 06:15:00,3080.43,2026-01-11 06:20:00,3078.58,True,1.849999999999909,0.06005655054651166,True,5.0
2026-01-11 08:35:00,3088.35,2026-01-11 08:55:00,3091.2,True,-2.849999999999909,-0.0922822866579212,False,20.0
2026-01-11 08:40:00,3086.84,2026-01-11 08:55:00,3091.2,True,-4.359999999999673,-0.14124476811236322,False,15.0
2026-01-11 10:05:00,3092.79,2026-01-11 10:10:00,3095.24,True,-2.449999999999818,-0.07921650031201014,False,5.0
2026-01-11 10:30:00,3091.63,2026-01-11 10:35:00,3092.57,True,-0.9400000000000546,-0.030404673262973077,False,5.0
2026-01-11 11:25:00,3093.44,2026-01-11 12:30:00,3095.16,True,-1.7199999999998,-0.05560153098168382,False,65.0
2026-01-11 11:30:00,3093.69,2026-01-11 12:30:00,3095.16,True,-1.4699999999998,-0.04751607303898581,False,60.0
2026-01-11 12:15:00,3094.04,2026-01-11 12:30:00,3095.16,True,-1.1199999999998909,-0.03619862703778526,False,15.0
2026-01-11 12:20:00,3093.99,2026-01-11 12:30:00,3095.16,True,-1.1700000000000728,-0.037815248271651586,False,10.0
2026-01-11 12:25:00,3093.76,2026-01-11 12:30:00,3095.16,True,-1.3999999999996362,-0.04525237898219758,False,5.0
2026-01-11 13:15:00,3095.73,2026-01-11 13:25:00,3095.88,True,-0.15000000000009095,-0.004845383802853961,False,10.0
2026-01-11 13:20:00,3094.66,2026-01-11 13:25:00,3095.88,True,-1.2200000000002547,-0.03942274757163161,False,5.0
2026-01-11 13:55:00,3097.88,2026-01-11 14:00:00,3099.0,True,-1.1199999999998909,-0.0361537567626858,False,5.0
2026-01-11 14:10:00,3098.11,2026-01-11 14:25:00,3092.51,True,5.599999999999909,0.18075536375402773,True,15.0
2026-01-11 14:15:00,3091.64,2026-01-11 14:25:00,3092.51,True,-0.8700000000003456,-0.028140404445548176,False,10.0
2026-01-11 15:00:00,3095.74,2026-01-11 15:45:00,3093.66,True,2.0799999999999272,0.06718910502819771,True,45.0
2026-01-11 15:05:00,3095.0,2026-01-11 15:45:00,3093.66,True,1.3400000000001455,0.0432956381260144,True,40.0
2026-01-11 15:10:00,3094.0,2026-01-11 15:45:00,3093.66,True,0.3400000000001455,0.010989010989015691,True,35.0
2026-01-11 15:15:00,3093.14,2026-01-11 15:45:00,3093.66,True,-0.5199999999999818,-0.01681139553980686,False,30.0
2026-01-11 16:25:00,3096.01,2026-01-11 16:30:00,3098.21,True,-2.199999999999818,-0.0710592020051556,False,5.0
2026-01-11 16:40:00,3098.99,2026-01-11 16:55:00,3101.92,True,-2.930000000000291,-0.09454693303302984,False,15.0
2026-01-11 16:45:00,3098.44,2026-01-11 16:55:00,3101.92,True,-3.480000000000018,-0.11231458411329631,False,10.0
2026-01-11 16:50:00,3097.93,2026-01-11 16:55:00,3101.92,True,-3.9900000000002365,-0.12879567969580452,False,5.0
2026-01-11 17:10:00,3101.6,2026-01-11 17:40:00,3100.74,True,0.8600000000001273,0.027727624451899902,True,30.0
2026-01-11 17:55:00,3103.09,2026-01-11 18:35:00,3105.15,True,-2.0599999999999454,-0.06638544160820167,False,40.0
2026-01-11 18:00:00,3101.99,2026-01-11 18:35:00,3105.15,True,-3.1600000000003092,-0.10187008984556074,False,35.0
2026-01-11 18:45:00,3103.59,2026-01-11 19:25:00,3105.05,True,-1.4600000000000364,-0.047042296179586746,False,40.0
2026-01-11 19:05:00,3102.55,2026-01-11 19:25:00,3105.05,True,-2.5,-0.0805788786643245,False,20.0
2026-01-11 19:45:00,3103.82,2026-01-11 20:15:00,3108.76,True,-4.940000000000055,-0.15915871410069057,False,30.0
2026-01-11 20:55:00,3112.48,2026-01-11 21:10:00,3114.0,True,-1.5199999999999818,-0.04883565516886797,False,15.0
2026-01-11 21:00:00,3111.25,2026-01-11 21:10:00,3114.0,True,-2.75,-0.08838891120932102,False,10.0
2026-01-11 21:25:00,3110.99,2026-01-11 21:50:00,3110.53,True,0.45999999999958163,0.014786289894843175,True,25.0
2026-01-11 21:30:00,3108.19,2026-01-11 21:50:00,3110.53,True,-2.3400000000001455,-0.07528497292637018,False,20.0
2026-01-11 22:00:00,3111.01,2026-01-11 22:05:00,3112.75,True,-1.7399999999997817,-0.055930389166212305,False,5.0
2026-01-11 22:45:00,3113.16,2026-01-11 22:55:00,3124.64,True,-11.480000000000018,-0.36875714707885293,False,10.0
2026-01-11 23:10:00,3118.0,2026-01-11 23:20:00,3122.9,True,-4.900000000000091,-0.15715202052598112,False,10.0
2026-01-11 23:40:00,3115.34,2026-01-12 00:15:00,3117.95,True,-2.6099999999996726,-0.08377897757547081,False,35.0
2026-01-11 23:45:00,3111.53,2026-01-12 00:15:00,3117.95,True,-6.419999999999618,-0.20632936208230734,False,30.0
2026-01-12 00:10:00,3115.39,2026-01-12 00:15:00,3117.95,True,-2.5599999999999454,-0.08217269747928656,False,5.0
2026-01-12 00:55:00,3128.26,2026-01-12 01:05:00,3130.05,True,-1.7899999999999636,-0.05722030777492803,False,10.0
2026-01-12 03:05:00,3128.63,2026-01-12 03:50:00,3122.7,True,5.930000000000291,0.18953983053286233,True,45.0
2026-01-12 03:20:00,3127.38,2026-01-12 03:50:00,3122.7,True,4.680000000000291,0.14964602958387824,True,30.0
2026-01-12 03:25:00,3126.64,2026-01-12 03:50:00,3122.7,True,3.9400000000000546,0.12601386792211622,True,25.0
2026-01-12 03:30:00,3126.04,2026-01-12 03:50:00,3122.7,True,3.3400000000001455,0.10684444216965061,True,20.0
2026-01-12 03:35:00,3123.35,2026-01-12 03:50:00,3122.7,True,0.650000000000091,0.020810988201773448,True,15.0
2026-01-12 04:05:00,3112.55,2026-01-12 04:35:00,3109.5,True,3.050000000000182,0.09799039372862065,True,30.0
2026-01-12 04:10:00,3111.33,2026-01-12 04:35:00,3109.5,True,1.8299999999999272,0.05881729035492626,True,25.0
2026-01-12 04:15:00,3103.48,2026-01-12 04:35:00,3109.5,True,-6.019999999999982,-0.19397579491409583,False,20.0
2026-01-12 04:20:00,3102.72,2026-01-12 04:35:00,3109.5,True,-6.7800000000002,-0.21851794554456094,False,15.0
2026-01-12 06:05:00,3107.39,2026-01-12 06:40:00,3114.1,True,-6.710000000000036,-0.21593684732203028,False,35.0
2026-01-12 06:20:00,3114.52,2026-01-12 06:40:00,3114.1,True,0.42000000000007276,0.01348522404736758,True,20.0
2026-01-12 06:25:00,3111.82,2026-01-12 06:40:00,3114.1,True,-2.2799999999997453,-0.07326901941628196,False,15.0
2026-01-12 06:50:00,3109.58,2026-01-12 07:05:00,3099.32,True,10.259999999999764,0.32994809588432406,True,15.0
2026-01-12 06:55:00,3108.06,2026-01-12 07:05:00,3099.32,True,8.739999999999782,0.28120435255431947,True,10.0
2026-01-12 07:00:00,3094.41,2026-01-12 07:05:00,3099.32,True,-4.910000000000309,-0.15867322042005777,False,5.0
2026-01-12 07:25:00,3112.28,2026-01-12 07:40:00,3119.28,True,-7.0,-0.22491549603506109,False,15.0
2026-01-12 09:45:00,3127.61,2026-01-12 10:15:00,3142.7,True,-15.08999999999969,-0.4824770351802076,False,30.0
2026-01-12 09:50:00,3124.69,2026-01-12 10:15:00,3142.7,True,-18.009999999999764,-0.5763771766159127,False,25.0
2026-01-12 09:55:00,3123.47,2026-01-12 10:15:00,3142.7,True,-19.230000000000018,-0.6156614278350686,False,20.0
2026-01-12 11:30:00,3159.21,2026-01-12 11:55:00,3151.31,True,7.900000000000091,0.2500625156289101,True,25.0
2026-01-12 11:35:00,3159.56,2026-01-12 11:55:00,3151.31,True,8.25,0.26111230677689296,True,20.0
2026-01-12 11:40:00,3155.13,2026-01-12 11:55:00,3151.31,True,3.8200000000001637,0.12107266578556711,True,15.0
2026-01-12 11:45:00,3154.17,2026-01-12 11:55:00,3151.31,True,2.8600000000001273,0.09067361619697503,True,10.0
2026-01-12 12:55:00,3158.04,2026-01-12 13:15:00,3162.17,True,-4.130000000000109,-0.13077731757672825,False,20.0
2026-01-12 13:45:00,3156.36,2026-01-12 14:40:00,3156.99,True,-0.6299999999996544,-0.01995970041439045,False,55.0
2026-01-12 14:20:00,3156.2,2026-01-12 14:40:00,3156.99,True,-0.7899999999999636,-0.02503009948672339,False,20.0
2026-01-12 14:50:00,3152.5,2026-01-12 14:55:00,3153.36,True,-0.8600000000001273,-0.027279936558291112,False,5.0
2026-01-12 15:15:00,3151.95,2026-01-12 15:20:00,3154.0,True,-2.050000000000182,-0.06503910277765136,False,5.0
2026-01-12 15:35:00,3145.59,2026-01-12 15:55:00,3134.02,True,11.570000000000164,0.3678165304442144,True,20.0
2026-01-12 15:40:00,3141.25,2026-01-12 15:55:00,3134.02,True,7.230000000000018,0.23016315161162015,True,15.0
2026-01-12 16:30:00,3124.06,2026-01-12 16:50:00,3115.43,True,8.63000000000011,0.27624309392265545,True,20.0
2026-01-12 17:50:00,3116.75,2026-01-12 19:05:00,3107.71,True,9.039999999999964,0.29004572070265383,True,75.0
2026-01-12 17:55:00,3114.99,2026-01-12 19:05:00,3107.71,True,7.279999999999745,0.2337086154369595,True,70.0
2026-01-12 18:00:00,3116.97,2026-01-12 19:05:00,3107.71,True,9.259999999999764,0.2970833854672892,True,65.0
2026-01-12 18:45:00,3108.81,2026-01-12 19:05:00,3107.71,True,1.099999999999909,0.035383313872507774,True,20.0
2026-01-12 18:50:00,3106.0,2026-01-12 19:05:00,3107.71,True,-1.7100000000000364,-0.05505473277527483,False,15.0
2026-01-12 19:35:00,3112.55,2026-01-12 19:45:00,3115.22,True,-2.669999999999618,-0.08578175450995543,False,10.0
2026-01-12 19:40:00,3112.14,2026-01-12 19:45:00,3115.22,True,-3.0799999999999272,-0.09896727010995415,False,5.0
2026-01-12 20:25:00,3117.9,2026-01-12 20:40:00,3115.06,True,2.8400000000001455,0.09108694954938085,True,15.0
2026-01-12 20:30:00,3117.58,2026-01-12 20:40:00,3115.06,True,2.519999999999982,0.08083192732824761,True,10.0
2026-01-12 20:35:00,3111.99,2026-01-12 20:40:00,3115.06,True,-3.0700000000001637,-0.09865070260509075,False,5.0
2026-01-12 21:10:00,3106.24,2026-01-12 21:15:00,3108.5,True,-2.2600000000002183,-0.07275677346245682,False,5.0
2026-01-12 21:40:00,3108.94,2026-01-12 22:30:00,3090.61,True,18.329999999999927,0.5895900210361065,True,50.0
2026-01-12 22:00:00,3105.26,2026-01-12 22:30:00,3090.61,True,14.650000000000091,0.4717801407933664,True,30.0
2026-01-12 22:20:00,3074.63,2026-01-12 22:30:00,3090.61,True,-15.980000000000018,-0.5197373342483491,False,10.0
2026-01-12 23:50:00,3125.46,2026-01-13 01:00:00,3134.7,True,-9.239999999999782,-0.295636482309797,False,70.0
2026-01-12 23:55:00,3128.31,2026-01-13 01:00:00,3134.7,True,-6.389999999999873,-0.20426364394832588,False,65.0
2026-01-13 00:15:00,3124.87,2026-01-13 01:00:00,3134.7,True,-9.829999999999927,-0.3145730862403853,False,45.0
2026-01-13 00:20:00,3129.63,2026-01-13 01:00:00,3134.7,True,-5.069999999999709,-0.1619999808283953,False,40.0
2026-01-13 01:10:00,3126.45,2026-01-13 01:45:00,3101.87,True,24.579999999999927,0.7861952054246807,True,35.0
2026-01-13 01:15:00,3127.97,2026-01-13 01:45:00,3101.87,True,26.09999999999991,0.8344069796065791,True,30.0
2026-01-13 01:20:00,3118.8,2026-01-13 01:45:00,3101.87,True,16.93000000000029,0.5428369885853627,True,25.0
2026-01-13 01:25:00,3112.35,2026-01-13 01:45:00,3101.87,True,10.480000000000018,0.3367230549263424,True,20.0
2026-01-13 01:30:00,3090.5,2026-01-13 01:45:00,3101.87,True,-11.36999999999989,-0.36790163403979587,False,15.0
2026-01-13 02:35:00,3103.69,2026-01-13 03:05:00,3107.9,True,-4.210000000000036,-0.13564499031797753,False,30.0
2026-01-13 02:40:00,3103.14,2026-01-13 03:05:00,3107.9,True,-4.760000000000218,-0.15339301481725667,False,25.0
2026-01-13 03:00:00,3097.35,2026-01-13 03:05:00,3107.9,True,-10.550000000000182,-0.3406137504641123,False,5.0
2026-01-13 03:35:00,3114.78,2026-01-13 03:50:00,3119.97,True,-5.1899999999996,-0.16662493017162047,False,15.0
2026-01-13 03:40:00,3114.2,2026-01-13 03:50:00,3119.97,True,-5.769999999999982,-0.18528032881638887,False,10.0
2026-01-13 03:45:00,3113.59,2026-01-13 03:50:00,3119.97,True,-6.379999999999654,-0.20490816067625003,False,5.0
2026-01-13 04:15:00,3114.54,2026-01-13 04:45:00,3104.41,True,10.13000000000011,0.3252486723561139,True,30.0
2026-01-13 04:20:00,3113.45,2026-01-13 04:45:00,3104.41,True,9.039999999999964,0.29035314522474953,True,25.0
2026-01-13 04:25:00,3109.71,2026-01-13 04:45:00,3104.41,True,5.300000000000182,0.17043389898093975,True,20.0
2026-01-13 04:30:00,3104.57,2026-01-13 04:45:00,3104.41,True,0.16000000000030923,0.005153692781941113,True,15.0
2026-01-13 05:50:00,3085.98,2026-01-13 06:00:00,3098.31,True,-12.329999999999927,-0.39954892773122075,False,10.0
2026-01-13 06:20:00,3100.11,2026-01-13 06:30:00,3102.67,True,-2.5599999999999454,-0.08257771498430524,False,10.0
2026-01-13 06:50:00,3094.22,2026-01-13 07:20:00,3093.47,True,0.75,0.024238741912339785,True,30.0
2026-01-13 09:15:00,3107.08,2026-01-13 09:45:00,3096.04,True,11.039999999999964,0.3553175328604337,True,30.0
2026-01-13 09:20:00,3105.42,2026-01-13 09:45:00,3096.04,True,9.38000000000011,0.30205254039711565,True,25.0
2026-01-13 09:25:00,3101.1,2026-01-13 09:45:00,3096.04,True,5.059999999999945,0.16316790816161833,True,20.0
2026-01-13 09:30:00,3097.01,2026-01-13 09:45:00,3096.04,True,0.9700000000002547,0.0313205317386852,True,15.0
2026-01-13 09:35:00,3093.74,2026-01-13 09:45:00,3096.04,True,-2.300000000000182,-0.07434367464622696,False,10.0
2026-01-13 09:40:00,3092.1,2026-01-13 09:45:00,3096.04,True,-3.9400000000000546,-0.12742149348339493,False,5.0
2026-01-13 10:10:00,3103.0,2026-01-13 10:15:00,3102.74,True,0.2600000000002183,0.008378988076062466,True,5.0
2026-01-13 11:50:00,3111.99,2026-01-13 11:55:00,3114.75,True,-2.7600000000002183,-0.08868923100653339,False,5.0
2026-01-13 13:30:00,3133.76,2026-01-13 14:20:00,3129.63,True,4.130000000000109,0.13179056468906708,True,50.0
2026-01-13 15:00:00,3130.0,2026-01-13 15:55:00,3120.86,True,9.139999999999873,0.2920127795527116,True,55.0
2026-01-13 15:05:00,3129.97,2026-01-13 15:55:00,3120.86,True,9.109999999999673,0.2910571027837223,True,50.0
2026-01-13 15:20:00,3125.58,2026-01-13 15:55:00,3120.86,True,4.7199999999998,0.15101197217795737,True,35.0
2026-01-13 17:30:00,3138.54,2026-01-13 17:45:00,3137.54,True,1.0,0.03186194854932548,True,15.0
2026-01-13 17:35:00,3137.42,2026-01-13 17:45:00,3137.54,True,-0.11999999999989086,-0.003824798719963883,False,10.0
2026-01-13 17:40:00,3132.66,2026-01-13 17:45:00,3137.54,True,-4.880000000000109,-0.15577815658258826,False,5.0
2026-01-13 18:35:00,3135.69,2026-01-13 18:50:00,3131.57,True,4.119999999999891,0.13139053924335284,True,15.0
2026-01-13 18:40:00,3129.99,2026-01-13 18:50:00,3131.57,True,-1.580000000000382,-0.05047939450287005,False,10.0
2026-01-13 19:15:00,3134.24,2026-01-13 20:15:00,3132.36,True,1.8799999999996544,0.05998264332021972,True,60.0
2026-01-13 19:20:00,3134.35,2026-01-13 20:15:00,3132.36,True,1.9899999999997817,0.06349003780687484,True,55.0
2026-01-13 19:25:00,3135.57,2026-01-13 20:15:00,3132.36,True,3.2100000000000364,0.10237373109195573,True,50.0
2026-01-13 19:30:00,3133.01,2026-01-13 20:15:00,3132.36,True,0.650000000000091,0.020746821746502275,True,45.0
2026-01-13 20:30:00,3132.76,2026-01-13 20:45:00,3133.42,True,-0.6599999999998545,-0.021067684725285515,False,15.0
2026-01-13 23:45:00,3153.57,2026-01-13 23:50:00,3164.67,True,-11.099999999999909,-0.35198203940295947,False,5.0
2026-01-14 00:25:00,3173.1,2026-01-14 01:20:00,3182.06,True,-8.960000000000036,-0.28237370394882094,False,55.0
2026-01-14 00:55:00,3179.25,2026-01-14 01:20:00,3182.06,True,-2.8099999999999454,-0.0883856255406132,False,25.0
2026-01-14 05:00:00,3209.39,2026-01-14 05:05:00,3207.27,True,2.119999999999891,0.06605616643660916,True,5.0
2026-01-14 06:25:00,3314.55,2026-01-14 07:40:00,3323.16,True,-8.609999999999673,-0.25976376883738883,False,75.0
2026-01-14 06:30:00,3318.63,2026-01-14 07:40:00,3323.16,True,-4.529999999999745,-0.1365021108107787,False,70.0
2026-01-14 06:45:00,3332.42,2026-01-14 07:40:00,3323.16,True,9.260000000000218,0.2778761380618355,True,55.0
2026-01-14 06:50:00,3325.0,2026-01-14 07:40:00,3323.16,True,1.8400000000001455,0.05533834586466603,True,50.0
2026-01-14 07:20:00,3324.02,2026-01-14 07:40:00,3323.16,True,0.8600000000001273,0.025872287170357798,True,20.0
2026-01-14 10:20:00,3336.24,2026-01-14 11:15:00,3326.24,True,10.0,0.29973862791645683,True,55.0
2026-01-14 10:50:00,3321.35,2026-01-14 11:15:00,3326.24,True,-4.889999999999873,-0.14722928929501175,False,25.0
2026-01-14 11:45:00,3340.5,2026-01-14 12:45:00,3338.82,True,1.6799999999998363,0.05029187247417561,True,60.0
2026-01-14 12:10:00,3341.7,2026-01-14 12:45:00,3338.82,True,2.8799999999996544,0.0861836789657855,True,35.0
2026-01-14 12:15:00,3342.51,2026-01-14 12:45:00,3338.82,True,3.6900000000000546,0.11039607959288243,True,30.0
2026-01-14 12:20:00,3345.47,2026-01-14 12:45:00,3338.82,True,6.649999999999636,0.19877625565315596,True,25.0
2026-01-14 12:25:00,3345.12,2026-01-14 12:45:00,3338.82,True,6.299999999999727,0.18833405079637583,True,20.0
2026-01-14 12:40:00,3337.42,2026-01-14 12:45:00,3338.82,True,-1.400000000000091,-0.041948571051893105,False,5.0
2026-01-14 13:55:00,3329.82,2026-01-14 14:40:00,3333.09,True,-3.269999999999982,-0.09820350649584607,False,45.0
2026-01-14 14:00:00,3328.62,2026-01-14 14:40:00,3333.09,True,-4.470000000000255,-0.13428988589866836,False,40.0
2026-01-14 15:10:00,3332.57,2026-01-14 15:15:00,3333.47,True,-0.8999999999996362,-0.0270061844162204,False,5.0
2026-01-14 17:25:00,3330.9,2026-01-14 17:55:00,3327.64,True,3.2600000000002183,0.09787144615570022,True,30.0
2026-01-14 17:30:00,3333.33,2026-01-14 17:55:00,3327.64,True,5.690000000000055,0.17070017070017232,True,25.0
2026-01-14 19:00:00,3306.42,2026-01-14 19:20:00,3296.7,True,9.720000000000255,0.2939735423811934,True,20.0
2026-01-14 19:35:00,3293.44,2026-01-14 20:05:00,3291.21,True,2.230000000000018,0.0677103575592699,True,30.0
2026-01-14 19:40:00,3289.07,2026-01-14 20:05:00,3291.21,True,-2.1399999999998727,-0.06506398465219264,False,25.0
2026-01-14 19:45:00,3288.0,2026-01-14 20:05:00,3291.21,True,-3.2100000000000364,-0.09762773722627849,False,20.0
2026-01-14 20:30:00,3292.0,2026-01-14 20:35:00,3297.87,True,-5.869999999999891,-0.17831105710813763,False,5.0
2026-01-14 20:45:00,3295.0,2026-01-14 21:10:00,3293.54,True,1.4600000000000364,0.04430955993930308,True,25.0
2026-01-14 21:35:00,3299.83,2026-01-14 22:05:00,3309.89,True,-10.059999999999945,-0.30486418997342124,False,30.0
2026-01-14 21:50:00,3297.22,2026-01-14 22:05:00,3309.89,True,-12.670000000000073,-0.38426310649577744,False,15.0
2026-01-14 22:30:00,3316.25,2026-01-14 23:10:00,3358.93,True,-42.679999999999836,-1.2869958537504662,False,40.0
2026-01-14 23:20:00,3354.07,2026-01-15 00:00:00,3350.9,True,3.1700000000000728,0.09451204059545784,True,40.0
2026-01-14 23:25:00,3348.27,2026-01-15 00:00:00,3350.9,True,-2.630000000000109,-0.07854802629417906,False,35.0
2026-01-15 01:20:00,3369.7,2026-01-15 01:40:00,3349.99,True,19.710000000000036,0.5849185387423224,True,20.0
2026-01-15 01:35:00,3342.77,2026-01-15 01:40:00,3349.99,True,-7.2199999999998,-0.21598853645329472,False,5.0
2026-01-15 05:05:00,3371.82,2026-01-15 05:35:00,3373.29,True,-1.4699999999998,-0.043596633272232795,False,30.0
2026-01-15 05:10:00,3368.07,2026-01-15 05:35:00,3373.29,True,-5.2199999999998,-0.15498490233278403,False,25.0
2026-01-15 06:25:00,3359.73,2026-01-15 06:45:00,3358.2,True,1.5300000000002,0.045539373699678254,True,20.0
2026-01-15 06:30:00,3356.31,2026-01-15 06:45:00,3358.2,True,-1.8899999999998727,-0.05631184246985149,False,15.0
2026-01-15 07:30:00,3351.99,2026-01-15 07:50:00,3355.18,True,-3.1900000000000546,-0.09516734835127953,False,20.0
2026-01-15 08:00:00,3344.75,2026-01-15 08:50:00,3326.24,True,18.51000000000022,0.5534045892817167,True,50.0
2026-01-15 08:15:00,3339.09,2026-01-15 08:50:00,3326.24,True,12.850000000000364,0.38483538928271965,True,35.0
2026-01-15 08:35:00,3330.75,2026-01-15 08:50:00,3326.24,True,4.510000000000218,0.13540493882759794,True,15.0
2026-01-15 08:40:00,3331.32,2026-01-15 08:50:00,3326.24,True,5.080000000000382,0.15249210523157133,True,10.0
2026-01-15 08:45:00,3327.81,2026-01-15 08:50:00,3326.24,True,1.5700000000001637,0.04717817423471183,True,5.0
2026-01-15 10:35:00,3313.9,2026-01-15 10:40:00,3316.33,True,-2.4299999999998363,-0.07332749932103673,False,5.0
2026-01-15 12:30:00,3301.0,2026-01-15 13:00:00,3306.65,True,-5.650000000000091,-0.17116025446834568,False,30.0
2026-01-15 13:25:00,3305.45,2026-01-15 13:45:00,3313.57,True,-8.120000000000346,-0.24565490326582903,False,20.0
2026-01-15 13:30:00,3304.0,2026-01-15 13:45:00,3313.57,True,-9.570000000000164,-0.2896489104116272,False,15.0
2026-01-15 13:35:00,3307.7,2026-01-15 13:45:00,3313.57,True,-5.870000000000346,-0.17746470357046729,False,10.0
2026-01-15 14:25:00,3318.6,2026-01-15 14:45:00,3315.0,True,3.599999999999909,0.10847947929849663,True,20.0
2026-01-15 14:30:00,3314.34,2026-01-15 14:45:00,3315.0,True,-0.6599999999998545,-0.01991346693458892,False,15.0
2026-01-15 14:35:00,3312.16,2026-01-15 14:45:00,3315.0,True,-2.8400000000001455,-0.0857446500169118,False,10.0
2026-01-15 14:40:00,3311.19,2026-01-15 14:45:00,3315.0,True,-3.8099999999999454,-0.11506437262736191,False,5.0
2026-01-15 16:10:00,3322.95,2026-01-15 16:20:00,3325.87,True,-2.9200000000000728,-0.08787372665854355,False,10.0
2026-01-15 16:15:00,3322.28,2026-01-15 16:20:00,3325.87,True,-3.5899999999996908,-0.10805832139373234,False,5.0
2026-01-15 18:40:00,3366.04,2026-01-15 20:05:00,3351.72,True,14.320000000000164,0.42542572280781465,True,85.0
2026-01-15 19:00:00,3360.32,2026-01-15 20:05:00,3351.72,True,8.600000000000364,0.2559280068565007,True,65.0
2026-01-15 19:05:00,3357.52,2026-01-15 20:05:00,3351.72,True,5.800000000000182,0.17274655102576253,True,60.0
2026-01-15 19:10:00,3357.25,2026-01-15 20:05:00,3351.72,True,5.5300000000002,0.16471814729317746,True,55.0
2026-01-15 19:15:00,3359.68,2026-01-15 20:05:00,3351.72,True,7.960000000000036,0.23692732641204034,True,50.0
2026-01-15 20:20:00,3346.91,2026-01-15 20:35:00,3348.01,True,-1.1000000000003638,-0.0328661362271577,False,15.0
2026-01-15 20:25:00,3344.33,2026-01-15 20:35:00,3348.01,True,-3.680000000000291,-0.11003698797667368,False,10.0
2026-01-15 21:05:00,3360.67,2026-01-15 21:45:00,3381.7,True,-21.029999999999745,-0.6257680760086455,False,40.0
2026-01-15 21:55:00,3369.46,2026-01-15 22:05:00,3379.75,True,-10.289999999999964,-0.3053901812159801,False,10.0
2026-01-15 22:20:00,3367.63,2026-01-15 22:50:00,3353.87,True,13.760000000000218,0.40859595620659683,True,30.0
2026-01-16 00:50:00,3325.03,2026-01-16 01:20:00,3321.04,True,3.9900000000002365,0.11999891730300888,True,30.0
2026-01-16 01:50:00,3303.01,2026-01-16 02:25:00,3299.75,True,3.2600000000002183,0.09869785438131336,True,35.0
2026-01-16 01:55:00,3299.69,2026-01-16 02:25:00,3299.75,True,-0.05999999999994543,-0.0018183526331244882,False,30.0
2026-01-16 02:15:00,3290.0,2026-01-16 02:25:00,3299.75,True,-9.75,-0.29635258358662614,False,10.0
2026-01-16 02:40:00,3291.17,2026-01-16 02:50:00,3286.65,True,4.519999999999982,0.13733717796406691,True,10.0
2026-01-16 03:00:00,3284.28,2026-01-16 03:10:00,3288.99,True,-4.709999999999582,-0.14341042785632105,False,10.0
2026-01-16 03:40:00,3287.22,2026-01-16 03:55:00,3294.27,True,-7.050000000000182,-0.21446693558691485,False,15.0
2026-01-16 04:15:00,3290.32,2026-01-16 04:50:00,3285.96,True,4.360000000000127,0.13250990785091196,True,35.0
2026-01-16 04:20:00,3290.2,2026-01-16 04:50:00,3285.96,True,4.239999999999782,0.12886754604582645,True,30.0
2026-01-16 04:25:00,3285.68,2026-01-16 04:50:00,3285.96,True,-0.2800000000002001,-0.008521828053864044,False,25.0
2026-01-16 04:45:00,3276.59,2026-01-16 04:50:00,3285.96,True,-9.36999999999989,-0.285968033840056,False,5.0
2026-01-16 06:55:00,3307.79,2026-01-16 07:10:00,3310.5,True,-2.7100000000000364,-0.0819278128297152,False,15.0
2026-01-16 07:00:00,3305.0,2026-01-16 07:10:00,3310.5,True,-5.5,-0.1664145234493192,False,10.0
2026-01-16 07:05:00,3303.31,2026-01-16 07:10:00,3310.5,True,-7.190000000000055,-0.2176604678337805,False,5.0
2026-01-16 07:25:00,3312.0,2026-01-16 07:45:00,3317.84,True,-5.8400000000001455,-0.17632850241546333,False,20.0
2026-01-16 07:30:00,3310.0,2026-01-16 07:45:00,3317.84,True,-7.8400000000001455,-0.23685800604230045,False,15.0
2026-01-16 07:35:00,3311.94,2026-01-16 07:45:00,3317.84,True,-5.900000000000091,-0.178143323852488,False,10.0
2026-01-16 07:40:00,3311.72,2026-01-16 07:45:00,3317.84,True,-6.120000000000346,-0.18479823173457738,False,5.0
2026-01-16 08:45:00,3323.69,2026-01-16 09:25:00,3309.54,True,14.150000000000091,0.4257316416392651,True,40.0
2026-01-16 08:50:00,3320.71,2026-01-16 09:25:00,3309.54,True,11.170000000000073,0.3363738477614749,True,35.0
2026-01-16 08:55:00,3315.81,2026-01-16 09:25:00,3309.54,True,6.269999999999982,0.18909406751291485,True,30.0
2026-01-16 09:00:00,3312.73,2026-01-16 09:25:00,3309.54,True,3.1900000000000546,0.09629520063512735,True,25.0
2026-01-16 09:05:00,3305.08,2026-01-16 09:25:00,3309.54,True,-4.460000000000036,-0.13494378350902358,False,20.0
2026-01-16 09:10:00,3304.02,2026-01-16 09:25:00,3309.54,True,-5.519999999999982,-0.16706920660286506,False,15.0
2026-01-16 09:40:00,3312.55,2026-01-16 09:45:00,3316.58,True,-4.029999999999745,-0.12165854100314698,False,5.0
2026-01-16 10:00:00,3302.74,2026-01-16 10:25:00,3307.21,True,-4.470000000000255,-0.1353421704403088,False,25.0
2026-01-16 10:05:00,3298.25,2026-01-16 10:25:00,3307.21,True,-8.960000000000036,-0.27165921321913244,False,20.0
2026-01-16 10:20:00,3299.35,2026-01-16 10:25:00,3307.21,True,-7.860000000000127,-0.23822874202494818,False,5.0
2026-01-16 10:40:00,3298.46,2026-01-16 10:45:00,3301.84,True,-3.380000000000109,-0.1024720627201818,False,5.0
2026-01-16 11:15:00,3302.19,2026-01-16 11:20:00,3304.6,True,-2.4099999999998545,-0.07298186960774075,False,5.0
2026-01-16 11:30:00,3297.57,2026-01-16 12:10:00,3297.44,True,0.13000000000010914,0.003942296903480719,True,40.0
2026-01-16 11:35:00,3297.5,2026-01-16 12:10:00,3297.44,True,0.05999999999994543,0.001819560272932386,True,35.0
2026-01-16 11:40:00,3297.2,2026-01-16 12:10:00,3297.44,True,-0.24000000000023647,-0.007278903311908179,False,30.0
2026-01-16 11:45:00,3296.0,2026-01-16 12:10:00,3297.44,True,-1.4400000000000546,-0.04368932038835117,False,25.0
2026-01-16 12:00:00,3295.69,2026-01-16 12:10:00,3297.44,True,-1.75,-0.05309965439710652,False,10.0
2026-01-16 12:25:00,3296.6,2026-01-16 12:55:00,3286.89,True,9.710000000000036,0.29454589577140194,True,30.0
2026-01-16 12:30:00,3282.01,2026-01-16 12:55:00,3286.89,True,-4.879999999999654,-0.14868937023347445,False,25.0
2026-01-16 13:25:00,3289.94,2026-01-16 13:35:00,3304.07,True,-14.13000000000011,-0.4294911153394928,False,10.0
2026-01-16 15:05:00,3312.93,2026-01-16 15:45:00,3306.78,True,6.149999999999636,0.1856362796678359,True,40.0
2026-01-16 15:10:00,3313.99,2026-01-16 15:45:00,3306.78,True,7.209999999999582,0.21756251527613488,True,35.0
2026-01-16 15:15:00,3311.43,2026-01-16 15:45:00,3306.78,True,4.649999999999636,0.14042271767785025,True,30.0
2026-01-16 15:30:00,3305.68,2026-01-16 15:45:00,3306.78,True,-1.1000000000003638,-0.03327605817866109,False,15.0
2026-01-16 15:35:00,3302.5,2026-01-16 15:45:00,3306.78,True,-4.2800000000002,-0.12959878879637243,False,10.0
2026-01-16 17:10:00,3311.78,2026-01-16 17:25:00,3310.62,True,1.1600000000003092,0.03502648122762711,True,15.0
2026-01-16 17:15:00,3308.45,2026-01-16 17:25:00,3310.62,True,-2.1700000000000728,-0.06558962656228969,False,10.0
2026-01-16 17:50:00,3308.4,2026-01-16 18:10:00,3305.0,True,3.400000000000091,0.10276870995043196,True,20.0
2026-01-16 17:55:00,3306.11,2026-01-16 18:10:00,3305.0,True,1.1100000000001273,0.03357420049545016,True,15.0
2026-01-16 18:35:00,3295.87,2026-01-16 19:05:00,3297.72,True,-1.849999999999909,-0.056130854675697436,False,30.0
2026-01-16 19:20:00,3300.0,2026-01-16 19:30:00,3305.5,True,-5.5,-0.16666666666666669,False,10.0
2026-01-16 20:45:00,3307.24,2026-01-16 20:55:00,3307.52,True,-0.2800000000002001,-0.008466273992821812,False,10.0
2026-01-16 20:50:00,3303.99,2026-01-16 20:55:00,3307.52,True,-3.5300000000002,-0.10684051707178896,False,5.0
2026-01-16 21:05:00,3304.19,2026-01-16 21:10:00,3308.26,True,-4.070000000000164,-0.12317693595102473,False,5.0
2026-01-16 21:20:00,3307.29,2026-01-16 22:00:00,3308.95,True,-1.6599999999998545,-0.0501921512779301,False,40.0
2026-01-16 21:25:00,3306.9,2026-01-16 22:00:00,3308.95,True,-2.049999999999727,-0.06199159333513947,False,35.0
2026-01-16 22:10:00,3302.05,2026-01-16 22:25:00,3313.47,True,-11.419999999999618,-0.3458457624808715,False,15.0
2026-01-16 23:45:00,3258.4,2026-01-17 01:10:00,3275.32,True,-16.920000000000073,-0.5192732629511438,False,85.0
2026-01-17 01:05:00,3273.06,2026-01-17 01:10:00,3275.32,True,-2.2600000000002183,-0.06904853562110741,False,5.0
2026-01-17 01:50:00,3276.34,2026-01-17 01:55:00,3283.04,True,-6.699999999999818,-0.2044964808292124,False,5.0
2026-01-17 02:40:00,3282.28,2026-01-17 03:10:00,3273.56,True,8.720000000000255,0.26566898619253243,True,30.0
2026-01-17 02:45:00,3278.05,2026-01-17 03:10:00,3273.56,True,4.4900000000002365,0.13697167523375897,True,25.0
2026-01-17 03:20:00,3271.82,2026-01-17 03:30:00,3274.11,True,-2.2899999999999636,-0.06999162545616701,False,10.0
2026-01-17 03:25:00,3268.36,2026-01-17 03:30:00,3274.11,True,-5.75,-0.17592921220428592,False,5.0
2026-01-17 04:05:00,3263.4,2026-01-17 04:15:00,3276.08,True,-12.679999999999836,-0.38855181712324066,False,10.0
2026-01-17 04:50:00,3287.88,2026-01-17 04:55:00,3291.44,True,-3.5599999999999454,-0.10827645777826275,False,5.0
2026-01-17 05:15:00,3289.5,2026-01-17 05:25:00,3290.95,True,-1.449999999999818,-0.04407964736281557,False,10.0
2026-01-17 06:10:00,3286.13,2026-01-17 06:40:00,3285.88,True,0.25,0.007607733108550179,True,30.0
2026-01-17 06:25:00,3286.85,2026-01-17 06:40:00,3285.88,True,0.9699999999997999,0.029511538403024173,True,15.0
2026-01-17 06:30:00,3286.96,2026-01-17 06:40:00,3285.88,True,1.0799999999999272,0.032857108087714096,True,10.0
2026-01-17 08:25:00,3290.9,2026-01-17 10:50:00,3290.31,True,0.5900000000001455,0.017928226321071605,True,145.0
2026-01-17 08:50:00,3290.33,2026-01-17 10:50:00,3290.31,True,0.01999999999998181,0.0006078417666307578,True,120.0
2026-01-17 09:10:00,3292.13,2026-01-17 10:50:00,3290.31,True,1.8200000000001637,0.05528335758308948,True,100.0
2026-01-17 09:15:00,3292.97,2026-01-17 10:50:00,3290.31,True,2.6599999999998545,0.08077814252786557,True,95.0
2026-01-17 09:35:00,3288.56,2026-01-17 10:50:00,3290.31,True,-1.75,-0.05321478093755322,False,75.0
2026-01-17 09:40:00,3287.57,2026-01-17 10:50:00,3290.31,True,-2.7399999999997817,-0.08334423297450036,False,70.0
2026-01-17 09:45:00,3288.01,2026-01-17 10:50:00,3290.31,True,-2.299999999999727,-0.06995112545277317,False,65.0
2026-01-17 10:00:00,3286.72,2026-01-17 10:50:00,3290.31,True,-3.5900000000001455,-0.10922743647162356,False,50.0
2026-01-17 10:05:00,3285.61,2026-01-17 10:50:00,3290.31,True,-4.699999999999818,-0.14304801848058102,False,45.0
2026-01-17 10:20:00,3283.23,2026-01-17 10:50:00,3290.31,True,-7.079999999999927,-0.2156413044471428,False,30.0
2026-01-17 10:25:00,3283.52,2026-01-17 10:50:00,3290.31,True,-6.789999999999964,-0.20679027385244994,False,25.0
2026-01-17 11:20:00,3289.95,2026-01-17 12:25:00,3287.02,True,2.9299999999998363,0.08905910424170083,True,65.0
2026-01-17 11:25:00,3289.74,2026-01-17 12:25:00,3287.02,True,2.7199999999998,0.08268130612145033,True,60.0
2026-01-17 11:30:00,3286.0,2026-01-17 12:25:00,3287.02,True,-1.0199999999999818,-0.03104077906268965,False,55.0
2026-01-17 11:50:00,3289.21,2026-01-17 12:25:00,3287.02,True,2.1900000000000546,0.0665813371599884,True,35.0
2026-01-17 12:55:00,3290.4,2026-01-17 13:15:00,3288.62,True,1.7800000000002,0.054096766350601753,True,20.0
2026-01-17 13:10:00,3288.81,2026-01-17 13:15:00,3288.62,True,0.19000000000005457,0.005777165600933303,True,5.0
2026-01-17 13:50:00,3290.19,2026-01-17 13:55:00,3290.01,True,0.1799999999998363,0.005470808676697585,True,5.0
2026-01-17 14:15:00,3287.18,2026-01-17 14:30:00,3288.41,True,-1.2300000000000182,-0.03741809088641383,False,15.0
2026-01-17 14:20:00,3286.56,2026-01-17 14:30:00,3288.41,True,-1.849999999999909,-0.056289859305775916,False,10.0
2026-01-17 15:05:00,3288.24,2026-01-17 15:40:00,3290.0,True,-1.7600000000002183,-0.05352407366859531,False,35.0
2026-01-17 15:10:00,3288.42,2026-01-17 15:40:00,3290.0,True,-1.5799999999999272,-0.048047390540135605,False,30.0
2026-01-17 15:15:00,3288.78,2026-01-17 15:40:00,3290.0,True,-1.2199999999998,-0.037095822767099045,False,25.0
2026-01-17 15:20:00,3290.0,2026-01-17 15:40:00,3290.0,True,0.0,0.0,False,20.0
2026-01-17 16:10:00,3291.16,2026-01-17 16:15:00,3290.96,True,0.1999999999998181,0.006076884745798384,True,5.0
2026-01-17 17:15:00,3292.96,2026-01-17 17:25:00,3294.71,True,-1.75,-0.053143676206209606,False,10.0
2026-01-17 17:55:00,3297.22,2026-01-17 19:10:00,3297.0,True,0.2199999999997999,0.006672287563456486,True,75.0
2026-01-17 18:00:00,3297.5,2026-01-17 19:10:00,3297.0,True,0.5,0.015163002274450343,True,70.0
2026-01-17 18:35:00,3294.7,2026-01-17 19:10:00,3297.0,True,-2.300000000000182,-0.06980908732206824,False,35.0
2026-01-17 19:45:00,3299.14,2026-01-17 20:50:00,3300.99,True,-1.849999999999909,-0.05607521960268159,False,65.0
2026-01-17 20:15:00,3298.71,2026-01-17 20:50:00,3300.99,True,-2.2799999999997453,-0.06911792791726903,False,35.0
2026-01-17 22:25:00,3306.29,2026-01-17 22:35:00,3308.2,True,-1.9099999999998545,-0.057768677278758195,False,10.0
2026-01-17 22:30:00,3305.86,2026-01-17 22:35:00,3308.2,True,-2.3399999999996908,-0.07078339675605412,False,5.0
2026-01-18 00:20:00,3315.65,2026-01-18 00:35:00,3315.69,True,-0.03999999999996362,-0.0012063999517429047,False,15.0
2026-01-18 01:25:00,3323.8,2026-01-18 01:35:00,3321.49,True,2.3100000000004,0.06949876647212228,True,10.0
2026-01-18 01:30:00,3320.68,2026-01-18 01:35:00,3321.49,True,-0.8099999999999454,-0.024392594287915292,False,5.0
2026-01-18 02:05:00,3315.6,2026-01-18 02:15:00,3316.89,True,-1.2899999999999636,-0.03890698516105573,False,10.0
2026-01-18 02:10:00,3314.01,2026-01-18 02:15:00,3316.89,True,-2.8799999999996544,-0.08690378121972035,False,5.0
2026-01-18 02:55:00,3316.11,2026-01-18 03:30:00,3316.29,True,-0.1799999999998363,-0.005428046717383811,False,35.0
2026-01-18 03:45:00,3315.53,2026-01-18 03:50:00,3314.47,True,1.0600000000004002,0.031970755806776,True,5.0
2026-01-18 04:55:00,3315.9,2026-01-18 05:20:00,3311.65,True,4.25,0.12817033083024218,True,25.0
2026-01-18 05:00:00,3315.45,2026-01-18 05:20:00,3311.65,True,3.799999999999727,0.1146149089867055,True,20.0
2026-01-18 05:05:00,3315.37,2026-01-18 05:20:00,3311.65,True,3.7199999999998,0.11220467097186135,True,15.0
2026-01-18 05:10:00,3313.51,2026-01-18 05:20:00,3311.65,True,1.8600000000001273,0.05613382787437271,True,10.0
2026-01-18 05:15:00,3311.12,2026-01-18 05:20:00,3311.65,True,-0.5300000000002001,-0.016006668438480035,False,5.0
2026-01-18 05:30:00,3309.47,2026-01-18 05:40:00,3310.36,True,-0.8900000000003274,-0.0268925235762925,False,10.0
2026-01-18 06:35:00,3298.87,2026-01-18 06:40:00,3301.55,True,-2.680000000000291,-0.08123993973694905,False,5.0
2026-01-18 07:25:00,3303.86,2026-01-18 07:30:00,3305.05,True,-1.1900000000000546,-0.036018475359127035,False,5.0
2026-01-18 08:40:00,3305.27,2026-01-18 09:55:00,3300.11,True,5.1599999999998545,0.1561143265149248,True,75.0
2026-01-18 09:10:00,3300.7,2026-01-18 09:55:00,3300.11,True,0.5899999999996908,0.017874996212915162,True,45.0
2026-01-18 09:40:00,3299.04,2026-01-18 09:55:00,3300.11,True,-1.0700000000001637,-0.032433677675934934,False,15.0
2026-01-18 09:45:00,3299.21,2026-01-18 09:55:00,3300.11,True,-0.900000000000091,-0.02727925776170935,False,10.0
2026-01-18 09:50:00,3296.82,2026-01-18 09:55:00,3300.11,True,-3.2899999999999636,-0.09979313398972232,False,5.0
2026-01-18 10:25:00,3300.33,2026-01-18 10:40:00,3300.07,True,0.25999999999976353,0.007878000078772837,True,15.0
2026-01-18 10:30:00,3297.99,2026-01-18 10:40:00,3300.07,True,-2.080000000000382,-0.06306871761286063,False,10.0
2026-01-18 11:50:00,3314.01,2026-01-18 12:40:00,3310.77,True,3.2400000000002365,0.09776675387220427,True,50.0
2026-01-18 12:15:00,3311.22,2026-01-18 12:40:00,3310.77,True,0.4499999999998181,0.01359015710221061,True,25.0
2026-01-18 14:00:00,3313.69,2026-01-18 14:55:00,3314.2,True,-0.5099999999997635,-0.015390697379651189,False,55.0
2026-01-18 14:05:00,3315.33,2026-01-18 14:55:00,3314.2,True,1.1300000000001091,0.034084088160156276,True,50.0
2026-01-18 14:10:00,3314.76,2026-01-18 14:55:00,3314.2,True,0.5600000000004002,0.01689413411530247,True,45.0
2026-01-18 14:15:00,3312.99,2026-01-18 14:55:00,3314.2,True,-1.2100000000000364,-0.036522899254149165,False,40.0
2026-01-18 14:20:00,3311.0,2026-01-18 14:55:00,3314.2,True,-3.199999999999818,-0.09664753850799813,False,35.0
2026-01-18 14:25:00,3311.33,2026-01-18 14:55:00,3314.2,True,-2.869999999999891,-0.08667212268181942,False,30.0
2026-01-18 15:05:00,3310.38,2026-01-18 15:15:00,3306.91,True,3.4700000000002547,0.10482180293501817,True,10.0
2026-01-18 15:10:00,3306.65,2026-01-18 15:15:00,3306.91,True,-0.25999999999976353,-0.007862942857567735,False,5.0
2026-01-18 16:00:00,3303.35,2026-01-18 16:05:00,3304.64,True,-1.2899999999999636,-0.03905126613891848,False,5.0
2026-01-18 16:30:00,3308.49,2026-01-18 17:20:00,3317.66,True,-9.170000000000073,-0.27716571608196106,False,50.0
2026-01-18 17:40:00,3319.06,2026-01-18 17:50:00,3321.61,True,-2.550000000000182,-0.07682898169964333,False,10.0
2026-01-18 18:15:00,3318.41,2026-01-18 18:30:00,3320.85,True,-2.4400000000000546,-0.07352919018445746,False,15.0
2026-01-18 19:45:00,3320.0,2026-01-18 19:50:00,3320.55,True,-0.5500000000001819,-0.016566265060246443,False,5.0
2026-01-18 20:55:00,3320.59,2026-01-18 21:10:00,3318.41,True,2.180000000000291,0.06565098371073487,True,15.0
2026-01-18 21:00:00,3320.99,2026-01-18 21:10:00,3318.41,True,2.5799999999999272,0.077687677469668,True,10.0
2026-01-18 21:05:00,3317.79,2026-01-18 21:10:00,3318.41,True,-0.6199999999998909,-0.018687138125073947,False,5.0
2026-01-18 22:50:00,3326.99,2026-01-18 23:15:00,3328.96,True,-1.9700000000002547,-0.0592126817333462,False,25.0
2026-01-18 23:10:00,3324.56,2026-01-18 23:15:00,3328.96,True,-4.400000000000091,-0.1323483408330754,False,5.0
2026-01-18 23:45:00,3331.61,2026-01-19 00:05:00,3334.55,True,-2.9400000000000546,-0.08824562298708595,False,20.0
2026-01-18 23:50:00,3331.79,2026-01-19 00:05:00,3334.55,True,-2.7600000000002183,-0.0828383541579817,False,15.0
2026-01-19 00:25:00,3330.14,2026-01-19 00:40:00,3334.8,True,-4.660000000000309,-0.13993405682644902,False,15.0
2026-01-19 00:30:00,3330.0,2026-01-19 00:40:00,3334.8,True,-4.800000000000182,-0.1441441441441496,False,10.0
2026-01-19 02:55:00,3361.03,2026-01-19 03:00:00,3364.4,True,-3.369999999999891,-0.10026688247352421,False,5.0
2026-01-19 03:10:00,3353.89,2026-01-19 03:20:00,3353.76,True,0.1299999999996544,0.0038760961152469043,True,10.0
2026-01-19 04:10:00,3342.85,2026-01-19 04:15:00,3346.73,True,-3.880000000000109,-0.11606862407825985,False,5.0
2026-01-19 04:35:00,3340.99,2026-01-19 05:10:00,3339.53,True,1.4599999999995816,0.043699621968326205,True,35.0
2026-01-19 04:40:00,3340.95,2026-01-19 05:10:00,3339.53,True,1.419999999999618,0.042502880917092985,True,30.0
2026-01-19 05:00:00,3337.16,2026-01-19 05:10:00,3339.53,True,-2.3700000000003456,-0.0710184707955371,False,10.0
2026-01-19 05:50:00,3339.18,2026-01-19 06:00:00,3342.47,True,-3.2899999999999636,-0.09852718332045483,False,10.0
2026-01-19 06:20:00,3347.25,2026-01-19 06:50:00,3349.43,True,-2.1799999999998363,-0.06512809022331276,False,30.0
2026-01-19 06:25:00,3345.56,2026-01-19 06:50:00,3349.43,True,-3.869999999999891,-0.11567570152679645,False,25.0
2026-01-19 07:25:00,3308.99,2026-01-19 08:25:00,3202.55,True,106.4399999999996,3.216691498009955,True,60.0
2026-01-19 09:30:00,3212.32,2026-01-19 09:50:00,3196.13,True,16.190000000000055,0.5039971111221813,True,20.0
2026-01-19 09:35:00,3208.63,2026-01-19 09:50:00,3196.13,True,12.5,0.38957436662999473,True,15.0
2026-01-19 10:05:00,3196.46,2026-01-19 10:15:00,3203.52,True,-7.059999999999945,-0.2208693367037268,False,10.0
2026-01-19 11:25:00,3202.84,2026-01-19 11:30:00,3202.93,True,-0.08999999999969077,-0.002810006119559228,False,5.0
2026-01-19 14:10:00,3195.55,2026-01-19 14:25:00,3194.23,True,1.3200000000001637,0.04130744316315388,True,15.0
2026-01-19 14:15:00,3193.42,2026-01-19 14:25:00,3194.23,True,-0.8099999999999454,-0.025364656074050564,False,10.0
2026-01-19 16:00:00,3201.6,2026-01-19 16:15:00,3204.01,True,-2.4100000000003092,-0.0752748625687253,False,15.0
2026-01-19 16:05:00,3200.54,2026-01-19 16:15:00,3204.01,True,-3.4700000000002547,-0.10841920425928919,False,10.0
2026-01-19 16:10:00,3196.02,2026-01-19 16:15:00,3204.01,True,-7.9900000000002365,-0.24999843555422793,False,5.0
2026-01-19 17:10:00,3208.04,2026-01-19 17:20:00,3208.92,True,-0.8800000000001091,-0.0274310794129783,False,10.0
2026-01-19 17:15:00,3206.93,2026-01-19 17:20:00,3208.92,True,-1.9900000000002365,-0.062053116220193036,False,5.0
2026-01-19 18:30:00,3207.36,2026-01-19 20:25:00,3225.18,True,-17.81999999999971,-0.5555971266087907,False,115.0
2026-01-19 21:20:00,3214.31,2026-01-19 21:25:00,3213.07,True,1.2399999999997817,0.03857748630343003,True,5.0
2026-01-20 01:15:00,3219.41,2026-01-20 01:55:00,3217.89,True,1.5199999999999818,0.047213619886873115,True,40.0
2026-01-20 01:20:00,3220.29,2026-01-20 01:55:00,3217.89,True,2.400000000000091,0.07452744939120673,True,35.0
2026-01-20 01:35:00,3219.2,2026-01-20 01:55:00,3217.89,True,1.3099999999999454,0.04069333996023688,True,20.0
2026-01-20 01:40:00,3217.69,2026-01-20 01:55:00,3217.89,True,-0.1999999999998181,-0.006215639169709267,False,15.0
2026-01-20 02:50:00,3212.69,2026-01-20 03:00:00,3213.91,True,-1.2199999999998,-0.03797440773930257,False,10.0
2026-01-20 03:25:00,3216.14,2026-01-20 03:40:00,3216.73,True,-0.5900000000001455,-0.018344972544732056,False,15.0
2026-01-20 05:15:00,3211.16,2026-01-20 05:25:00,3212.7,True,-1.5399999999999636,-0.04795774735609449,False,10.0
2026-01-20 06:10:00,3197.0,2026-01-20 06:50:00,3198.19,True,-1.1900000000000546,-0.037222395996248187,False,40.0
2026-01-20 06:30:00,3200.76,2026-01-20 06:50:00,3198.19,True,2.5700000000001637,0.08029343031030642,True,20.0
2026-01-20 08:15:00,3185.25,2026-01-20 08:25:00,3180.91,True,4.3400000000001455,0.13625304136253497,True,10.0
2026-01-20 09:35:00,3190.01,2026-01-20 09:40:00,3189.62,True,0.3900000000003274,0.012225667004188933,True,5.0
2026-01-20 09:55:00,3191.95,2026-01-20 10:15:00,3185.13,True,6.819999999999709,0.21366249471325396,True,20.0
2026-01-20 11:10:00,3185.83,2026-01-20 11:40:00,3187.75,True,-1.9200000000000728,-0.060266869230312756,False,30.0
2026-01-20 12:50:00,3171.97,2026-01-20 13:15:00,3162.13,True,9.83999999999969,0.31021730974756034,True,25.0
2026-01-20 14:15:00,3132.84,2026-01-20 14:55:00,3115.7,True,17.140000000000327,0.5471074169124605,True,40.0
2026-01-20 16:00:00,3116.79,2026-01-20 16:40:00,3093.14,True,23.65000000000009,0.7587935022892172,True,40.0
2026-01-20 16:35:00,3089.36,2026-01-20 16:40:00,3093.14,True,-3.7799999999997453,-0.12235543931428337,False,5.0
2026-01-20 18:40:00,3100.67,2026-01-20 18:55:00,3101.35,True,-0.6799999999998363,-0.021930744000484937,False,15.0
2026-01-20 19:55:00,3107.75,2026-01-20 20:25:00,3104.62,True,3.130000000000109,0.10071595205534901,True,30.0
2026-01-20 20:15:00,3104.3,2026-01-20 20:25:00,3104.62,True,-0.31999999999970896,-0.010308282060358501,False,10.0
2026-01-20 20:20:00,3102.0,2026-01-20 20:25:00,3104.62,True,-2.619999999999891,-0.08446163765312349,False,5.0
2026-01-20 21:00:00,3103.41,2026-01-20 21:15:00,3093.65,True,9.759999999999764,0.3144927676330154,True,15.0
2026-01-20 21:05:00,3100.89,2026-01-20 21:15:00,3093.65,True,7.239999999999782,0.23348135535281103,True,10.0
2026-01-20 21:10:00,3092.55,2026-01-20 21:15:00,3093.65,True,-1.099999999999909,-0.035569352152751255,False,5.0
2026-01-20 21:30:00,3083.83,2026-01-20 21:35:00,3093.0,True,-9.170000000000073,-0.29735750673675504,False,5.0
2026-01-20 22:10:00,3081.3,2026-01-20 22:20:00,3066.31,True,14.990000000000236,0.48648297796385404,True,10.0
2026-01-20 22:15:00,3058.64,2026-01-20 22:20:00,3066.31,True,-7.670000000000073,-0.25076504590275656,False,5.0
2026-01-20 22:45:00,3041.08,2026-01-20 23:10:00,3016.65,True,24.429999999999836,0.8033330264248174,True,25.0
2026-01-21 01:30:00,2994.21,2026-01-21 02:00:00,3000.74,True,-6.529999999999745,-0.2180875756877355,False,30.0
2026-01-21 01:35:00,2992.49,2026-01-21 02:00:00,3000.74,True,-8.25,-0.2756901443279677,False,25.0
2026-01-21 04:35:00,2994.44,2026-01-21 04:55:00,3005.75,True,-11.309999999999945,-0.37770000400742526,False,20.0
2026-01-21 06:30:00,2934.45,2026-01-21 07:30:00,2946.6,True,-12.150000000000091,-0.41404692531820586,False,60.0
2026-01-21 06:35:00,2943.96,2026-01-21 07:30:00,2946.6,True,-2.6399999999998727,-0.0896751314555861,False,55.0
2026-01-21 06:40:00,2946.03,2026-01-21 07:30:00,2946.6,True,-0.569999999999709,-0.01934807181188613,False,50.0
2026-01-21 06:45:00,2945.13,2026-01-21 07:30:00,2946.6,True,-1.4699999999998,-0.049912907070309286,False,45.0
2026-01-21 08:20:00,2927.58,2026-01-21 08:35:00,2953.49,True,-25.909999999999854,-0.8850313227990304,False,15.0
2026-01-21 09:55:00,2963.41,2026-01-21 10:00:00,2968.43,True,-5.019999999999982,-0.16939944185920888,False,5.0
2026-01-21 10:35:00,2958.69,2026-01-21 11:00:00,2966.0,True,-7.309999999999945,-0.24706880409910958,False,25.0
2026-01-21 11:15:00,2969.44,2026-01-21 11:35:00,2975.2,True,-5.7599999999997635,-0.19397596853277935,False,20.0
2026-01-21 12:10:00,2974.7,2026-01-21 12:35:00,2979.99,True,-5.289999999999964,-0.17783305879584374,False,25.0
2026-01-21 12:15:00,2977.0,2026-01-21 12:35:00,2979.99,True,-2.9899999999997817,-0.1004366812227001,False,20.0
2026-01-21 12:30:00,2977.31,2026-01-21 12:35:00,2979.99,True,-2.6799999999998363,-0.09001414028098641,False,5.0
2026-01-21 12:55:00,2977.66,2026-01-21 13:35:00,2990.8,True,-13.140000000000327,-0.4412861105700559,False,40.0
2026-01-21 14:35:00,2981.89,2026-01-21 14:55:00,2978.56,True,3.3299999999999272,0.11167413955578266,True,20.0
2026-01-21 14:50:00,2975.72,2026-01-21 14:55:00,2978.56,True,-2.8400000000001455,-0.09543908701087957,False,5.0
2026-01-21 15:35:00,2966.01,2026-01-21 16:20:00,2968.61,True,-2.599999999999909,-0.08765985279887488,False,45.0
2026-01-21 16:05:00,2967.43,2026-01-21 16:20:00,2968.61,True,-1.180000000000291,-0.039765049217683014,False,15.0
2026-01-21 17:45:00,2963.99,2026-01-21 18:00:00,2960.01,True,3.9799999999995634,0.13427845573026778,True,15.0
2026-01-21 17:50:00,2957.3,2026-01-21 18:00:00,2960.01,True,-2.7100000000000364,-0.09163764244412255,False,10.0
2026-01-21 17:55:00,2952.42,2026-01-21 18:00:00,2960.01,True,-7.5900000000001455,-0.2570772451074083,False,5.0
2026-01-21 18:55:00,2962.11,2026-01-21 19:10:00,2966.4,True,-4.289999999999964,-0.1448291927038484,False,15.0
2026-01-21 19:00:00,2959.81,2026-01-21 19:10:00,2966.4,True,-6.5900000000001455,-0.22264942682132116,False,10.0
2026-01-21 19:30:00,2966.78,2026-01-21 20:35:00,2919.0,True,47.7800000000002,1.6105002730232842,True,65.0
2026-01-21 19:35:00,2963.75,2026-01-21 20:35:00,2919.0,True,44.75,1.5099114297764658,True,60.0
2026-01-21 19:50:00,2951.36,2026-01-21 20:35:00,2919.0,True,32.36000000000013,1.096443673425137,True,45.0
2026-01-21 19:55:00,2942.19,2026-01-21 20:35:00,2919.0,True,23.190000000000055,0.7881883902807111,True,40.0
2026-01-21 20:00:00,2942.01,2026-01-21 20:35:00,2919.0,True,23.01000000000022,0.7821183476602804,True,35.0
2026-01-21 20:05:00,2936.45,2026-01-21 20:35:00,2919.0,True,17.449999999999818,0.594254967733141,True,30.0
2026-01-21 20:10:00,2920.4,2026-01-21 20:35:00,2919.0,True,1.400000000000091,0.047938638542668506,True,25.0
2026-01-21 21:20:00,2929.99,2026-01-21 21:50:00,2930.56,True,-0.5700000000001637,-0.019453991310556137,False,30.0
2026-01-21 21:45:00,2923.57,2026-01-21 21:50:00,2930.56,True,-6.989999999999782,-0.23909124802894344,False,5.0
2026-01-21 22:20:00,2974.09,2026-01-21 23:05:00,2989.54,True,-15.449999999999818,-0.5194866328860195,False,45.0
2026-01-21 22:40:00,2975.38,2026-01-21 23:05:00,2989.54,True,-14.159999999999854,-0.4759055986126093,False,25.0
2026-01-22 00:05:00,2986.0,2026-01-22 00:25:00,2960.27,True,25.730000000000018,0.8616878767582055,True,20.0
2026-01-22 00:35:00,2927.1,2026-01-22 00:45:00,2919.32,True,7.779999999999745,0.2657920808991748,True,10.0
2026-01-22 00:40:00,2887.19,2026-01-22 00:45:00,2919.32,True,-32.13000000000011,-1.1128467471832513,False,5.0
2026-01-22 02:00:00,2890.34,2026-01-22 02:05:00,2891.86,True,-1.5199999999999818,-0.05258896877183936,False,5.0
2026-01-22 03:00:00,2921.28,2026-01-22 03:10:00,2921.2,True,0.08000000000038199,0.002738525577841973,True,10.0
2026-01-22 03:05:00,2914.86,2026-01-22 03:10:00,2921.2,True,-6.339999999999691,-0.21750615810020688,False,5.0
2026-01-22 04:05:00,3029.21,2026-01-22 04:25:00,3008.46,True,20.75,0.6849970784461955,True,20.0
2026-01-22 06:25:00,3019.51,2026-01-22 07:00:00,3015.01,True,4.5,0.14903080301108457,True,35.0
2026-01-22 06:30:00,3019.5,2026-01-22 07:00:00,3015.01,True,4.489999999999782,0.14870011591322344,True,30.0
2026-01-22 06:35:00,3012.36,2026-01-22 07:00:00,3015.01,True,-2.650000000000091,-0.08797089325313345,False,25.0
2026-01-22 07:20:00,3008.01,2026-01-22 07:25:00,3012.85,True,-4.839999999999691,-0.1609037203998554,False,5.0
2026-01-22 07:35:00,3000.15,2026-01-22 07:50:00,2979.0,True,21.15000000000009,0.7049647517624149,True,15.0
2026-01-22 07:40:00,2982.73,2026-01-22 07:50:00,2979.0,True,3.730000000000018,0.1250532230540484,True,10.0
2026-01-22 07:45:00,2971.51,2026-01-22 07:50:00,2979.0,True,-7.489999999999782,-0.2520604002678699,False,5.0
2026-01-22 09:40:00,3017.0,2026-01-22 09:45:00,3026.76,True,-9.760000000000218,-0.3235001657275512,False,5.0
2026-01-22 10:45:00,3023.19,2026-01-22 11:00:00,3023.72,True,-0.5299999999997453,-0.017531150870429755,False,15.0
2026-01-22 10:50:00,3015.85,2026-01-22 11:00:00,3023.72,True,-7.869999999999891,-0.2609546230747514,False,10.0
2026-01-22 11:15:00,3017.91,2026-01-22 11:40:00,3009.7,True,8.210000000000036,0.2720425725087904,True,25.0
2026-01-22 14:55:00,3017.58,2026-01-22 15:25:00,3009.01,True,8.569999999999709,0.28400241252923564,True,30.0
2026-01-22 15:50:00,3002.3,2026-01-22 16:35:00,2999.0,True,3.300000000000182,0.10991573127269699,True,45.0
2026-01-22 16:05:00,3004.01,2026-01-22 16:35:00,2999.0,True,5.010000000000218,0.16677707464356703,True,30.0
2026-01-22 16:10:00,2994.35,2026-01-22 16:35:00,2999.0,True,-4.650000000000091,-0.1552924674804245,False,25.0
2026-01-22 18:00:00,3010.19,2026-01-22 20:05:00,2988.54,True,21.65000000000009,0.7192237034871583,True,125.0
2026-01-22 18:05:00,3010.0,2026-01-22 20:05:00,2988.54,True,21.460000000000036,0.7129568106312305,True,120.0
2026-01-22 18:10:00,3008.06,2026-01-22 20:05:00,2988.54,True,19.519999999999982,0.6489232262654329,True,115.0
2026-01-22 18:15:00,3004.54,2026-01-22 20:05:00,2988.54,True,16.0,0.5325274418047355,True,110.0
2026-01-22 18:35:00,3001.15,2026-01-22 20:05:00,2988.54,True,12.610000000000127,0.42017226729754015,True,90.0
2026-01-22 19:00:00,2997.74,2026-01-22 20:05:00,2988.54,True,9.199999999999818,0.3068978630568301,True,65.0
2026-01-22 19:25:00,2987.37,2026-01-22 20:05:00,2988.54,True,-1.1700000000000728,-0.03916488416232582,False,40.0
2026-01-22 19:40:00,2981.41,2026-01-22 20:05:00,2988.54,True,-7.130000000000109,-0.23914859076745934,False,25.0
2026-01-22 20:45:00,2989.59,2026-01-22 21:25:00,2998.76,True,-9.170000000000073,-0.30673102331758106,False,40.0
2026-01-22 20:50:00,2986.99,2026-01-22 21:25:00,2998.76,True,-11.770000000000437,-0.39404216284622434,False,35.0
2026-01-22 21:15:00,2991.53,2026-01-22 21:25:00,2998.76,True,-7.230000000000018,-0.2416823498343663,False,10.0
2026-01-22 21:40:00,2967.2,2026-01-22 21:55:00,2971.38,True,-4.180000000000291,-0.1408735508223339,False,15.0
